<item xmlns:g="http:www.gisacampania.it/gisa"
xmlns:xsi="http://www.w3.org/2001/XMLSchema-instance"
xsi:schemaLocation="http:www.gisacampania.it/gisa schema_gisa.xsd" >

<id_protocollo_origine>121212</id_protocollo_origine>

	<linea>
	  
	  <tipo_attivita>fissa</tipo_attivita>
	  <carattere>permanente</carattere>
	  <tipo_impresa_societa>impresa individuale|</tipo_impresa_societa>
	  <tipo_operazione>scia nuovo stabilimento</tipo_operazione>
	  <ragione_sociale>ditta</ragione_sociale>
	  <partita_iva>1234P412391</partita_iva> 
	  <cf_impresa>1234P412391</cf_impresa>
	  <nome_rapp_sede_legale>davide</nome_rapp_sede_legale>
	  <cognome_rapp_sede_legale>rossi</cognome_rapp_sede_legale>
	  <sesso_rapp_sede_legale>m</sesso_rapp_sede_legale>
	   <cf_rapp_sede_legale>rssdvd16b02f839j</cf_rapp_sede_legale>
	  <data_nascita_rapp_sede_legale></data_nascita_rapp_sede_legale>
	  <nazione_nascita_rapp_sede_legale>italia</nazione_nascita_rapp_sede_legale>
      <comune_nascita_rapp_sede_legale>napoli</comune_nascita_rapp_sede_legale>	   
	 
	  
	  <nazione_residenza_rapp_sede_legale>italia</nazione_residenza_rapp_sede_legale>
	  <provincia_residenza_rapp_sede_legale>napoli</provincia_residenza_rapp_sede_legale>
	  <comune_residenza_rapp_sede_legale>frattamaggiore</comune_residenza_rapp_sede_legale>
	  <cap_residenza_rapp_sede_legale>80141</cap_residenza_rapp_sede_legale>
	  <ind_rapp_sede_legale>via napoli, 5 napoli napoli</ind_rapp_sede_legale>
	  <ind_sede_legale>via napoli 5</ind_sede_legale>
	  <cap_sede_legale></cap_sede_legale>
	  <comune_sede_legale>napoli</comune_sede_legale>
	  <prov_sede_legale>napoli</prov_sede_legale>
	  <istat_legale>063049</istat_legale>
	  <ind_stab>via strada 5</ind_stab>
	  <cap_stab>83020</cap_stab>
	  <prov_stab>avellino</prov_stab>
	  <comune_stab>23123</comune_stab>
	  <istat_operativo></istat_operativo>
	  <data_inizio_attivita></data_inizio_attivita>
	  <data_fine_attivita></data_fine_attivita>
	  <domicilio_digitale>domicilio@pec.it</domicilio_digitale>
	  <macroarea>833 altri alimenti - industrie di prod. e trasf.  </macroarea>
	  <aggregazione>1 bibite analcoliche e delle acque</aggregazione>
	  <attivita>1399 imbottigliamento acque potabili</attivita>
	  <latitudine>39.988475</latitudine>  
	  <longitudine>13.7563172</longitudine>
	  
	</linea>

    <allegati>
		<W>documento1.pdf.p7m</W>
		<DD>documentoAA.pdf.p7m</DD>
    </allegati>

</item>